K,precision,recall,ndcg
5,0.006515023869699523,0.03257511934849761,0.0212215506779225
10,0.005363661892726763,0.05363661892726762,0.028060081073325742
20,0.004240381915192362,0.08480763830384723,0.03587744556090863
