epoch,precision,recall,ndcg
1,0.0024000000000000002,0.024,0.014098018982984047
2,0.003,0.03,0.014383592398833094
4,0.005,0.05,0.02986717791040732
6,0.0028000000000000004,0.028,0.013416824323349534
8,0.005,0.05,0.024741656879527705
10,0.0044,0.044,0.024762994203030693
